series,x,y
curve,0.05,4.558877644892919
curve,0.06683354192740926,5.271191266913771
curve,0.08366708385481852,5.898308304227918
curve,0.10050062578222779,6.465069059803003
curve,0.11733416770963705,6.9861785543395705
curve,0.13416770963704633,7.47119545466219
curve,0.15100125156445557,7.926747900095961
curve,0.1678347934918648,8.357655483656119
curve,0.18466833541927408,8.767552817108692
curve,0.20150187734668334,9.159261218576924
curve,0.2183354192740926,9.535022723675086
curve,0.23516896120150188,9.896654049014446
curve,0.25200250312891115,10.245651628870956
curve,0.2688360450563204,10.583265483882867
curve,0.28566958698372963,10.910552531093456
curve,0.3025031289111389,11.22841592384138
curve,0.31933667083854816,11.53763465120973
curve,0.33617021276595743,11.838886191791104
curve,0.3530037546933667,12.132764115580216
curve,0.36983729662077597,12.419791946227136
curve,0.38667083854818524,12.700434211134459
curve,0.40350438047559445,12.975105346705039
curve,0.4203379224030037,13.24417694661449
curve,0.437171464330413,13.507983715020632
curve,0.45400500625782225,13.76682839675495
curve,0.4708385481852315,14.02098589148106
curve,0.4876720901126408,14.270706711060827
curve,0.5045056320400501,14.516219903900303
curve,0.5213391739674593,14.757735543391156
curve,0.5381727158948686,14.995446857321776
curve,0.5550062578222779,15.22953205960517
curve,0.5718397997496871,15.460155933656415
curve,0.5886733416770964,15.68747120737112
curve,0.6055068836045057,15.911619752277165
curve,0.6223404255319149,16.132733633581307
curve,0.6391739674593242,16.350936033160995
curve,0.6560075093867335,16.566342063799695
curve,0.6728410513141427,16.779059489927906
curve,0.689674593241552,16.989189367664768
curve,0.7065081351689613,17.196826614934963
curve,0.7233416770963705,17.402060520776747
curve,0.7401752190237797,17.604975201583958
curve,0.757008760951189,17.805650010887035
curve,0.7738423028785982,18.004159908327086
curve,0.7906758448060075,18.200575792682084
curve,0.8075093867334168,18.394964803134936
curve,0.824342928660826,18.587390592407488
curve,0.8411764705882353,18.777913574906616
curve,0.8580100125156446,18.966591152620083
curve,0.8748435544430538,19.153477921153254
curve,0.8916770963704631,19.33862585799894
curve,0.9085106382978724,19.52208449487805
curve,0.9253441802252816,19.703901075767195
curve,0.9421777221526909,19.884120702040217
curve,0.9590112640801002,20.06278646598431
curve,0.9758448060075094,20.239939573809423
curve,0.9926783479349186,20.4156194591435
curve,1.0095118898623279,20.589863887897845
curve,1.0263454317897371,20.762709055291403
curve,1.0431789737171464,20.934189675738274
curve,1.0600125156445557,21.104339066230246
curve,1.076846057571965,21.273189223779955
curve,1.0936795994993742,21.440770897434163
curve,1.1105131414267835,21.60711365531477
curve,1.1273466833541927,21.772245947101244
curve,1.144180225281602,21.936195162327166
curve,1.1610137672090113,22.09898768482898
curve,1.1778473091364206,22.260648943652495
curve,1.1946808510638298,22.42120346069484
curve,1.211514392991239,22.580674895334326
curve,1.2283479349186484,22.7390860862772
curve,1.2451814768460576,22.89645909083115
curve,1.262015018773467,23.0528152217956
curve,1.2788485607008762,23.208175082143857
curve,1.2956821026282854,23.362558597655884
curve,1.3125156445556947,23.515985047648332
curve,1.329349186483104,23.668473093935134
curve,1.3461827284105132,23.820040808142085
curve,1.3630162703379225,23.970705697487855
curve,1.3798498122653318,24.120484729135764
curve,1.396683354192741,24.26939435321165
curve,1.41351689612015,24.417450524576115
curve,1.4303504380475593,24.564668723432764
curve,1.4471839799749686,24.711063974847182
curve,1.4640175219023779,24.856650867246646
curve,1.4808510638297872,25.001443569964362
curve,1.4976846057571964,25.145455849888425
curve,1.5145181476846057,25.28870108727006
curve,1.531351689612015,25.43119229074309
curve,1.5481852315394242,25.5729421116016
curve,1.5650187734668335,25.713962857380587
curve,1.5818523153942428,25.854266504780355
curve,1.598685857321652,25.99386471197317
curve,1.6155193992490613,26.132768830327937
curve,1.6323529411764706,26.270989915585893
curve,1.6491864831038798,26.40853873851886
curve,1.666020025031289,26.545425795098467
curve,1.6828535669586984,26.68166131620408
curve,1.6996871088861076,26.8172552768942
curve,1.716520650813517,26.952217405265557
curve,1.7333541927409262,27.086557190921653
curve,1.7501877346683354,27.22028389307199
curve,1.7670212765957447,27.35340654828111
curve,1.783854818523154,27.48593397788611
curve,1.8006883604505632,27.61787479509949
curve,1.8175219023779725,27.74923741181368
curve,1.8343554443053818,27.88003004512245
curve,1.851188986232791,28.01026072357322
curve,1.8680225281602003,28.139937293164078
curve,1.8848560700876096,28.269067423097706
curve,1.9016896120150188,28.397658611304614
curve,1.9185231539424281,28.525718189746378
curve,1.9353566958698372,28.653253329510004
curve,1.9521902377972464,28.780271045702975
curve,1.9690237797246557,28.906778202158566
curve,1.985857321652065,29.03278151596055
curve,2.002690863579474,29.158287561795234
curve,2.0195244055068833,29.283302776139337
curve,2.0363579474342925,29.407833461290696
curve,2.053191489361702,29.53188578924946
curve,2.070025031289111,29.655465805455997
curve,2.0868585732165204,29.77857943239235
curve,2.1036921151439296,29.90123247305292
curve,2.120525657071339,30.02343061429053
curve,2.137359198998748,30.145179430042802
curve,2.1541927409261574,30.266484384444492
curve,2.1710262828535667,30.387350834830414
curve,2.187859824780976,30.50778403463369
curve,2.2046933667083852,30.62778913618374
curve,2.2215269086357945,30.747371193408178
curve,2.2383604505632038,30.86653516444275
curve,2.255193992490613,30.985285914152914
curve,2.2720275344180223,31.103628216570883
curve,2.2888610763454316,31.221566757251345
curve,2.305694618272841,31.33910613554949
curve,2.32252816020025,31.456250866823986
curve,2.3393617021276594,31.573005384568404
curve,2.3561952440550686,31.689374042473514
curve,2.373028785982478,31.805361116423356
curve,2.389862327909887,31.92097080642764
curve,2.4066958698372964,32.036207238493034
curve,2.4235294117647057,32.151074466435404
curve,2.440362953692115,32.265576473635555
curve,2.4571964956195242,32.37971717474053
curve,2.4740300375469335,32.49350041731239
curve,2.490863579474343,32.60692998342668
curve,2.507697121401752,32.720009591222116
curve,2.5245306633291613,32.8327428964037
curve,2.5413642052565706,32.94513349370055
curve,2.55819774718398,33.05718491828049
curve,2.575031289111389,33.168900647122626
curve,2.5918648310387984,33.28028410034958
curve,2.6086983729662077,33.3913386425209
curve,2.625531914893617,33.50206758388883
curve,2.642365456821026,33.61247418161793
curve,2.6591989987484355,33.7225616409696
curve,2.6760325406758447,33.83233311645318
curve,2.692866082603254,33.94179171294409
curve,2.7096996245306633,34.05094048677083
curve,2.7265331664580725,34.15978244677143
curve,2.743366708385482,34.268320555320685
curve,2.7602002503128906,34.37655772932887
curve,2.7770337922403,34.48449684121326
curve,2.793867334167709,34.59214071984293
curve,2.8107008760951184,34.69949215145814
curve,2.8275344180225277,34.80655388056484
curve,2.844367959949937,34.91332861080522
curve,2.8612015018773462,35.01981900580513
curve,2.8780350438047555,35.126027689999034
curve,2.8948685857321648,35.231957249433236
curve,2.911702127659574,35.33761023254812
curve,2.9285356695869833,35.442989150940065
curve,2.9453692115143926,35.54809648010359
curve,2.962202753441802,35.65293466015444
curve,2.979036295369211,35.75750609653426
curve,2.9958698372966204,35.86181316069715
curve,3.0127033792240296,35.965858190779144
curve,3.029536921151439,36.06964349225061
curve,3.046370463078848,36.17317133855245
curve,3.0632040050062574,36.27644397171645
curve,3.0800375469336667,36.379463602970354
curve,3.096871088861076,36.482232413327985
curve,3.1137046307884853,36.58475255416488
curve,3.1305381727158945,36.687026147780095
curve,3.147371714643304,36.78905528794425
curve,3.164205256570713,36.89084204043448
curve,3.1810387984981223,36.99238844355647
curve,3.1978723404255316,37.09369650865422
curve,3.214705882352941,37.194768220607585
curve,3.23153942428035,37.295605538318185
curve,3.2483729662077594,37.39621039518384
curve,3.2652065081351687,37.49658469956202
curve,3.282040050062578,37.59673033522248
curve,3.298873591989987,37.69664916178952
curve,3.3157071339173965,37.79634301517399
curve,3.3325406758448057,37.895813707995494
curve,3.349374217772215,37.99506302999496
curve,3.3662077596996243,38.09409274843794
curve,3.3830413016270335,38.19290460850874
curve,3.399874843554443,38.29150033369576
curve,3.416708385481852,38.389881626168275
curve,3.4335419274092613,38.488050167144856
curve,3.4503754693366706,38.586007617253614
curve,3.46720901126408,38.68375561688458
curve,3.484042553191489,38.781295786534336
curve,3.5008760951188984,38.87862972714319
curve,3.5177096370463077,38.975759020425116
curve,3.534543178973717,39.0726852291904
curve,3.551376720901126,39.16940989766155
curve,3.5682102628285355,39.2659345517824
curve,3.5850438047559448,39.362260699520625
curve,3.601877346683354,39.4583898311639
curve,3.6187108886107633,39.554323419609815
curve,3.6355444305381726,39.65006292064967
curve,3.652377972465582,39.74560977324648
curve,3.669211514392991,39.84096539980709
curve,3.6860450563204004,39.9361312064487
curve,3.7028785982478096,40.03110858325995
curve,3.719712140175219,40.125898904556614
curve,3.736545682102628,40.220503529132124
curve,3.7533792240300374,40.31492380050298
curve,3.7702127659574467,40.409161047149226
curve,3.787046307884856,40.503216582750056
curve,3.8038798498122652,40.59709170641481
curve,3.820713391739674,40.69078770290921
curve,3.8375469336670833,40.78430584287721
curve,3.8543804755944926,40.87764738305848
curve,3.871214017521902,40.97081356650154
curve,3.888047559449311,41.06380562277277
curve,3.9048811013767204,41.15662476816136
curve,3.9217146433041297,41.249272205880196
curve,3.938548185231539,41.341749126262975
curve,3.955381727158948,41.43405670695748
curve,3.9722152690863575,41.52619611311512
curve,3.9890488110137667,41.61816849757689
curve,4.0058823529411764,41.70997500105579
curve,4.022715894868585,41.80161675231577
curve,4.039549436795995,41.8930948683474
curve,4.056382978723404,41.98441045454003
curve,4.0732165206508135,42.07556460485104
curve,4.090050062578222,42.16655840197161
curve,4.106883604505632,42.25739291748972
curve,4.123717146433041,42.34806921204988
curve,4.140550688360451,42.43858833551014
curve,4.157384230287859,42.528951327096046
curve,4.174217772215269,42.61915921555197
curve,4.191051314142678,42.7092130192895
curve,4.207884856070088,42.79911374653333
curve,4.2247183979974965,42.88886239546433
curve,4.241551939924906,42.97845995436025
curve,4.258385481852315,43.06790740173375
curve,4.275219023779725,43.15720570646811
curve,4.292052565707134,43.24635582795031
curve,4.308886107634543,43.335358716202094
curve,4.325719649561952,43.4242153120084
curve,4.342553191489362,43.512926547043755
curve,4.359386733416771,43.60149334399637
curve,4.3762202753441795,43.68991661669007
curve,4.393053817271589,43.778197270204195
curve,4.409887359198998,43.86633620099134
curve,4.426720901126408,43.95433429699311
curve,4.4435544430538165,44.04219243775389
curve,4.460387984981226,44.129911494532685
curve,4.477221526908635,44.21749233041304
curve,4.494055068836045,44.3049358004111
curve,4.510888610763454,44.39224275158189
curve,4.527722152690863,44.4794140231237
curve,4.544555694618272,44.566450446480886
curve,4.561389236545682,44.653352845444815
curve,4.578222778473091,44.74012203625316
curve,4.5950563204005,44.826758827687634
curve,4.611889862327909,44.91326402117
curve,4.628723404255319,44.99963841085659
curve,4.645556946182728,45.08588278373122
curve,4.6623904881101375,45.17199791969662
curve,4.679224030037546,45.257984591664325
curve,4.696057571964956,45.34384356564324
curve,4.712891113892365,45.429575600826595
curve,4.7297246558197745,45.51518144967764
curve,4.746558197747183,45.60066185801391
curve,4.763391739674593,45.68601756509012
curve,4.780225281602002,45.77124930367986
curve,4.797058823529412,45.856357800155834
curve,4.81389236545682,45.941343774568885
curve,4.83072590738423,46.02620794072586
curve,4.847559449311639,46.11095100626617
curve,4.864392991239049,46.19557367273717
curve,4.8812265331664575,46.28007663566834
curve,4.898060075093867,46.36446058464433
curve,4.914893617021276,46.44872620337697
curve,4.931727158948686,46.53287416977599
curve,4.948560700876095,46.61690515601879
curve,4.965394242803504,46.700819828619046
curve,4.982227784730913,46.78461884849443
curve,4.999061326658323,46.86830287103309
curve,5.015894868585732,46.9518725461592
curve,5.032728410513141,47.03532851839766
curve,5.04956195244055,47.11867142693759
curve,5.06639549436796,47.201901905695024
curve,5.083229036295369,47.28502058337466
curve,5.100062578222778,47.36802808353056
curve,5.116896120150187,47.45092502462613
curve,5.133729662077597,47.533712020093084
curve,5.150563204005006,47.61638967838958
curve,5.1673967459324155,47.6989586030575
curve,5.184230287859824,47.78141939277885
curve,5.201063829787234,47.863772641431446
curve,5.217897371714643,47.94601893814365
curve,5.234730913642053,48.02815886734842
curve,5.251564455569461,48.11019300883642
curve,5.268397997496871,48.19212193780864
curve,5.28523153942428,48.273946224928004
curve,5.30206508135169,48.355666436370306
curve,5.3188986232790985,48.43728313387449
curve,5.335732165206508,48.5187968747921
curve,5.352565707133917,48.60020821213619
curve,5.369399249061327,48.68151769462933
curve,5.3862327909887355,48.762725866751126
curve,5.403066332916145,48.84383326878493
curve,5.419899874843554,48.924840436864024
curve,5.436733416770964,49.005747903017024
curve,5.453566958698373,49.086556195212744
curve,5.470400500625781,49.167265837404415
curve,5.487234042553191,49.247877349573265
curve,5.5040675844806,49.32839124777155
curve,5.52090112640801,49.40880804416492
curve,5.5377346683354185,49.48912824707427
curve,5.554568210262828,49.56935236101696
curve,5.571401752190237,49.649480886747554
curve,5.588235294117647,49.729514321297906
curve,5.605068836045056,49.80945315801679
curve,5.621902377972465,49.88929788660889
curve,5.638735919899874,49.9690489931734
curve,5.655569461827284,50.04870696024202
curve,5.672403003754693,50.12827226681643
curve,5.689236545682102,50.20774538840529
curve,5.706070087609511,50.28712679706076
curve,5.722903629536921,50.36641696141454
curve,5.73973717146433,50.44561634671338
curve,5.756570713391739,50.524725414854174
curve,5.773404255319148,50.60374462441857
curve,5.790237797246558,50.68267443070713
curve,5.807071339173967,50.76151528577307
curve,5.8239048811013765,50.840267638455465
curve,5.840738423028785,50.91893193441214
curve,5.857571964956195,50.99750861615209
curve,5.874405506883604,51.07599812306746
curve,5.891239048811014,51.15440089146507
curve,5.908072590738422,51.23271735459772
curve,5.924906132665832,51.31094794269482
curve,5.941739674593241,51.38909308299287
curve,5.958573216520651,51.46715319976545
curve,5.9754067584480595,51.54512871435274
curve,5.992240300375469,51.62302004519089
curve,6.009073842302878,51.70082760784077
curve,6.025907384230288,51.77855181501656
curve,6.0427409261576965,51.85619307661386
curve,6.059574468085106,51.933751799737436
curve,6.076408010012515,52.011228388728775
curve,6.093241551939925,52.08862324519308
curve,6.110075093867334,52.16593676802608
curve,6.126908635794743,52.24316935344049
curve,6.143742177722152,52.32032139499207
curve,6.160575719649562,52.39739328360544
curve,6.177409261576971,52.47438540759953
curve,6.19424280350438,52.551298152712754
curve,6.211076345431789,52.62813190212782
curve,6.227909887359199,52.704887036496345
curve,6.244743429286608,52.78156393396303
curve,6.2615769712140175,52.85816297018967
curve,6.278410513141426,52.93468451837873
curve,6.295244055068836,53.01112894929685
curve,6.312077596996245,53.08749663129782
curve,6.3289111389236545,53.16378793034549
curve,6.345744680851063,53.24000321003623
curve,6.362578222778473,53.31614283162129
curve,6.379411764705882,53.39220715402875
curve,6.396245306633292,53.468196533885326
curve,6.4130788485607,53.54411132553778
curve,6.42991239048811,53.619951881074236
curve,6.446745932415519,53.695718550345156
curve,6.463579474342929,53.771411680984045
curve,6.4804130162703375,53.847031618427984
curve,6.497246558197747,53.92257870593786
curve,6.514080100125156,53.99805328461843
curve,6.530913642052565,54.073455693438085
curve,6.547747183979975,54.14878626924844
curve,6.564580725907383,54.22404534680357
curve,6.581414267834793,54.29923325877928
curve,6.598247809762202,54.37435033579188
curve,6.615081351689612,54.44939690641691
curve,6.6319148936170205,54.524373297207575
curve,6.64874843554443,54.599279832712995
curve,6.665581977471839,54.6741168354963
curve,6.682415519399249,54.748884626152424
curve,6.6992490613266575,54.82358352332574
curve,6.716082603254067,54.89821384372748
curve,6.732916145181476,54.97277590215307
curve,6.749749687108886,55.047270011499045
curve,6.766583229036295,55.12169648278001
curve,6.783416770963704,55.19605562514528
curve,6.800250312891113,55.27034774589528
curve,6.817083854818523,55.344573150497986
curve,6.833917396745932,55.418732142604945
curve,6.850750938673341,55.492825024067244
curve,6.86758448060075,55.56685209495124
curve,6.88441802252816,55.6408136535542
curve,6.901251564455569,55.714709996419714
curve,6.9180851063829785,55.7885414183529
curve,6.934918648310387,55.86230821243551
curve,6.951752190237797,55.93601067004085
curve,6.968585732165206,56.00964908084857
curve,6.9854192740926155,56.083223732859196
curve,7.002252816020024,56.15673491240859
curve,7.019086357947434,56.23018290418225
curve,7.035919899874843,56.303567991229436
curve,7.052753441802253,56.376890454977136
curve,7.069586983729661,56.450150575243875
curve,7.086420525657071,56.52334863025341
curve,7.10325406758448,56.59648489664828
curve,7.12008760951189,56.66955964950317
curve,7.1369211514392985,56.74257316233819
curve,7.153754693366708,56.81552570713189
curve,7.170588235294117,56.888417554334346
curve,7.187421777221527,56.961248972879936
curve,7.204255319148936,57.03402023020003
curve,7.221088861076345,57.10673159223555
curve,7.237922403003754,57.179383323449414
curve,7.254755944931164,57.25197568683885
curve,7.271589486858573,57.324508943947535
curve,7.288423028785982,57.39698335487771
curve,7.305256570713391,57.46939917830196
curve,7.322090112640801,57.54175667147521
curve,7.33892365456821,57.61405609024623
curve,7.355757196495619,57.68629768906931
curve,7.372590738423028,57.7584817210156
curve,7.389424280350438,57.83060843778449
curve,7.406257822277847,57.90267808971485
curve,7.4230913642052565,57.97469092579606
curve,7.439924906132665,58.046647193678965
curve,7.456758448060075,58.11854713968681
curve,7.473591989987484,58.190391008826005
curve,7.490425531914894,58.26217904479668
curve,7.507259073842302,58.33391149000333
curve,7.524092615769712,58.405588585565184
curve,7.540926157697121,58.47721057132654
curve,7.557759699624531,58.54877768586706
curve,7.5745932415519395,58.620290166511786
curve,7.591426783479348,58.69174824934128
curve,7.608260325406758,58.76315216920144
curve,7.625093867334167,58.834502159713416
curve,7.6419274092615765,58.90579845328327
curve,7.658760951188985,58.97704128111168
curve,7.675594493116395,59.04823087320338
curve,7.692428035043804,59.11936745837672
curve,7.709261576971214,59.19045126427292
curve,7.726095118898622,59.26148251736541
curve,7.742928660826032,59.33246144296895
curve,7.759762202753441,59.40338826524867
curve,7.776595744680851,59.47426320722919
curve,7.7934292866082595,59.54508649080342
curve,7.810262828535669,59.61585833674143
curve,7.827096370463078,59.68657896469911
curve,7.843929912390488,59.75724859322694
curve,7.860763454317897,59.82786743977846
curve,7.877596996245306,59.8984357207188
curve,7.894430538172715,59.96895365133307
curve,7.911264080100125,60.03942144583468
curve,7.928097622027534,60.109839317373606
curve,7.944931163954943,60.180207478044544
curve,7.961764705882352,60.25052613889499
curve,7.978598247809762,60.32079550993325
curve,7.995431789737171,60.39101580013638
curve,8.012265331664581,60.46118721745812
curve,8.02909887359199,60.53130996883653
curve,8.045932415519399,60.60138426020189
curve,8.062765957446809,60.67141029648414
curve,8.079599499374218,60.74138828162066
curve,8.096433041301628,60.81131841856361
curve,8.113266583229036,60.88120090928744
curve,8.130100125156446,60.951035954796254
curve,8.146933667083855,61.020823755131076
curve,8.163767209011265,61.090564509377096
curve,8.180600750938673,61.1602584156708
curve,8.197434292866083,61.22990567120716
curve,8.214267834793493,61.29950647224652
curve,8.231101376720902,61.36906101412168
curve,8.24793491864831,61.43856949124472
curve,8.26476846057572,61.508032097113954
curve,8.28160200250313,61.57744902432057
curve,8.29843554443054,61.64682046455542
curve,8.315269086357947,61.716146608615645
curve,8.332102628285357,61.785427646411335
curve,8.348936170212767,61.854663766971996
curve,8.365769712140176,61.92385515845302
curve,8.382603254067584,61.993002008142206
curve,8.399436795994994,62.06210450246599
curve,8.416270337922404,62.131162826995826
curve,8.433103879849813,62.200177166454445
curve,8.449937421777221,62.269147704721966
curve,8.466770963704631,62.33807462484218
curve,8.48360450563204,62.40695810902845
curve,8.50043804755945,62.47579833866993
curve,8.517271589486858,62.54459549433737
curve,8.534105131414268,62.61334975578917
curve,8.550938673341678,62.68206130197719
curve,8.567772215269088,62.7507303110526
curve,8.584605757196496,62.819356960371586
curve,8.601439299123905,62.88794142650118
curve,8.618272841051315,62.95648388522484
curve,8.635106382978725,63.024984511548126
curve,8.651939924906133,63.09344347970418
curve,8.668773466833542,63.16186096315941
curve,8.685607008760952,63.23023713461884
curve,8.70244055068836,63.29857216603154
curve,8.71927409261577,63.36686622859607
curve,8.73610763454318,63.43511949276583
curve,8.75294117647059,63.50333212825425
curve,8.769774718397997,63.57150430404012
curve,8.786608260325407,63.639636188372776
curve,8.803441802252816,63.70772794877726
curve,8.820275344180226,63.77577975205941
curve,8.837108886107634,63.84379176431093
curve,8.853942428035044,63.911764150914465
curve,8.870775969962454,63.97969707654855
curve,8.887609511889863,64.04759070519252
curve,8.904443053817271,64.11544520013149
curve,8.921276595744681,64.18326072396115
curve,8.93811013767209,64.25103743859262
curve,8.9549436795995,64.31877550525722
curve,8.971777221526908,64.38647508451118
curve,8.988610763454318,64.45413633624042
curve,9.005444305381728,64.52175941966512
curve,9.022277847309137,64.58934449334441
curve,9.039111389236545,64.65689171518093
curve,9.055944931163955,64.72440124242537
curve,9.072778473091365,64.79187323168097
curve,9.089612015018774,64.85930783890805
curve,9.106445556946182,64.9267052194284
curve,9.123279098873592,64.99406552792965
curve,9.140112640801002,65.0613889184697
curve,9.156946182728412,65.12867554448106
curve,9.17377972465582,65.19592555877504
curve,9.19061326658323,65.26313911354615
curve,9.207446808510639,65.33031636037616
curve,9.224280350438049,65.39745745023845
curve,9.241113892365457,65.46456253350208
curve,9.257947434292866,65.53163175993595
curve,9.274780976220276,65.59866527871283
curve,9.291614518147686,65.66566323841352
curve,9.308448060075094,65.73262578703076
curve,9.325281602002503,65.79955307197334
curve,9.342115143929913,65.86644524006996
curve,9.358948685857323,65.93330243757322
curve,9.37578222778473,66.00012481016351
curve,9.39261576971214,66.06691250295289
curve,9.40944931163955,66.13366566048884
curve,9.42628285356696,66.20038442675823
curve,9.443116395494368,66.26706894519097
curve,9.459949937421777,66.33371935866379
curve,9.476783479349187,66.40033580950397
curve,9.493617021276597,66.46691843949306
curve,9.510450563204005,66.53346738987045
curve,9.527284105131415,66.59998280133712
curve,9.544117647058824,66.6664648140592
curve,9.560951188986234,66.73291356767146
curve,9.577784730913642,66.79932920128101
curve,9.594618272841052,66.86571185347071
curve,9.611451814768461,66.93206166230277
curve,9.628285356695871,66.99837876532206
curve,9.645118898623279,67.06466329955971
curve,9.661952440550689,67.13091540153646
curve,9.678785982478098,67.19713520726604
curve,9.695619524405508,67.26332285225857
curve,9.712453066332916,67.32947847152386
curve,9.729286608260326,67.39560219957474
curve,9.746120150187735,67.46169417043038
curve,9.762953692115143,67.52775451761948
curve,9.779787234042553,67.59378337418363
curve,9.796620775969963,67.65978087268036
curve,9.813454317897373,67.72574714518649
curve,9.83028785982478,67.79168232330123
curve,9.84712140175219,67.85758653814925
curve,9.8639549436796,67.92345992038398
curve,9.88078848560701,67.98930260019053
curve,9.897622027534418,68.05511470728884
curve,9.914455569461827,68.12089637093678
curve,9.931289111389237,68.18664771993308
curve,9.948122653316647,68.2523688826204
curve,9.964956195244055,68.31805998688831
curve,9.981789737171464,68.38372116017628
curve,9.998623279098874,68.44935252947647
curve,10.015456821026284,68.5149542213369
curve,10.032290362953692,68.58052636186413
curve,10.049123904881101,68.64606907672626
curve,10.065957446808511,68.71158249115574
curve,10.08279098873592,68.77706672995225
curve,10.099624530663329,68.84252191748541
curve,10.116458072590738,68.90794817769773
curve,10.133291614518148,68.97334563410725
curve,10.150125156445558,69.03871440981038
curve,10.166958698372966,69.10405462748463
curve,10.183792240300376,69.16936640939123
curve,10.200625782227785,69.23464987737798
curve,10.217459324155195,69.2999051528818
curve,10.234292866082603,69.36513235693148
curve,10.251126408010013,69.43033161015025
curve,10.267959949937422,69.49550303275848
curve,10.284793491864832,69.56064674457613
curve,10.30162703379224,69.62576286502559
curve,10.31846057571965,69.69085151313399
curve,10.33529411764706,69.7559128075359
curve,10.35212765957447,69.82094686647582
curve,10.368961201501877,69.88595380781068
curve,10.385794743429287,69.95093374901236
curve,10.402628285356696,70.01588680717019
curve,10.419461827284106,70.08081309899333
curve,10.436295369211514,70.14571274081328
curve,10.453128911138924,70.21058584858636
curve,10.469962453066334,70.27543253789595
curve,10.486795994993743,70.3402529239551
curve,10.503629536921151,70.40504712160873
curve,10.520463078848561,70.46981524533611
curve,10.53729662077597,70.53455740925311
curve,10.55413016270338,70.59927372711466
curve,10.570963704630788,70.6639643123169
curve,10.587797246558198,70.72862927789964
curve,10.604630788485608,70.79326873654854
curve,10.621464330413017,70.85788280059744
curve,10.638297872340425,70.92247158203048
curve,10.655131414267835,70.9870351924846
curve,10.671964956195245,71.05157374325148
curve,10.688798498122654,71.11608734527994
curve,10.705632040050062,71.18057610917802
curve,10.722465581977472,71.24504014521527
curve,10.739299123904882,71.3094795633248
curve,10.756132665832292,71.3738944731055
curve,10.7729662077597,71.43828498382415
curve,10.78979974968711,71.50265120441756
curve,10.806633291614519,71.56699324349471
curve,10.823466833541929,71.63131120933875
curve,10.840300375469337,71.69560520990915
curve,10.857133917396746,71.75987535284376
curve,10.873967459324156,71.82412174546091
curve,10.890801001251564,71.88834449476131
curve,10.907634543178974,71.95254370743024
curve,10.924468085106383,72.01671948983946
curve,10.941301627033793,72.08087194804926
curve,10.958135168961201,72.14500118781045
curve,10.97496871088861,72.20910731456628
curve,10.99180225281602,72.27319043345449
curve,11.00863579474343,72.33725064930918
curve,11.025469336670838,72.40128806666286
curve,11.042302878598248,72.46530278974818
curve,11.059136420525657,72.5292949225001
curve,11.075969962453067,72.59326456855757
curve,11.092803504380475,72.65721183126557
curve,11.109637046307885,72.72113681367686
curve,11.126470588235295,72.78503961855402
curve,11.143304130162704,72.84892034837112
curve,11.160137672090112,72.91277910531569
curve,11.176971214017522,72.97661599129046
curve,11.193804755944932,73.04043110791531
curve,11.210638297872341,73.10422455652895
curve,11.22747183979975,73.16799643819076
curve,11.244305381727159,73.23174685368264
curve,11.261138923654569,73.29547590351069
curve,11.277972465581978,73.35918368790706
curve,11.294806007509386,73.42287030683164
curve,11.311639549436796,73.48653585997381
curve,11.328473091364206,73.55018044675428
curve,11.345306633291615,73.61380416632663
curve,11.362140175219023,73.67740711757922
curve,11.378973717146433,73.7409893991367
curve,11.395807259073843,73.8045511093619
curve,11.412640801001253,73.86809234635733
curve,11.42947434292866,73.93161320796698
curve,11.44630788485607,73.99511379177794
curve,11.46314142678348,74.05859419512203
curve,11.47997496871089,74.12205451507747
curve,11.496808510638298,74.18549484847054
curve,11.513642052565707,74.24891529187714
curve,11.530475594493117,74.31231594162445
curve,11.547309136420527,74.37569689379251
curve,11.564142678347935,74.43905824421586
curve,11.580976220275344,74.50240008848505
curve,11.597809762202754,74.5657225219483
curve,11.614643304130164,74.62902563971305
curve,11.631476846057572,74.69230953664744
curve,11.648310387984981,74.75557430738196
curve,11.665143929912391,74.81882004631093
curve,11.6819774718398,74.88204684759411
curve,11.698811013767209,74.94525480515807
curve,11.715644555694618,75.00844401269792
curve,11.732478097622028,75.07161456367861
curve,11.749311639549438,75.13476655133657
curve,11.766145181476846,75.19790006868112
curve,11.782978723404256,75.261015208496
curve,11.799812265331665,75.32411206334083
curve,11.816645807259075,75.38719072555254
curve,11.833479349186483,75.45025128724687
curve,11.850312891113893,75.51329384031983
curve,11.867146433041302,75.57631847644907
curve,11.883979974968712,75.63932528709539
curve,11.90081351689612,75.70231436350412
curve,11.91764705882353,75.76528579670658
curve,11.93448060075094,75.82823967752141
curve,11.951314142678347,75.89117609655605
curve,11.968147684605757,75.95409514420814
curve,11.984981226533167,76.01699691066678
curve,12.001814768460576,76.07988148591411
curve,12.018648310387984,76.14274895972652
curve,12.035481852315394,76.20559942167607
curve,12.052315394242804,76.26843296113184
curve,12.069148936170214,76.33124966726133
curve,12.085982478097621,76.39404962903168
curve,12.102816020025031,76.4568329352112
curve,12.119649561952441,76.51959967437047
curve,12.13648310387985,76.58234993488384
curve,12.153316645807259,76.64508380493068
curve,12.170150187734668,76.70780137249666
curve,12.186983729662078,76.77050272537512
curve,12.203817271589488,76.83318795116828
curve,12.220650813516896,76.89585713728862
curve,12.237484355444305,76.95851037096006
curve,12.254317897371715,77.02114773921937
curve,12.271151439299125,77.08376932891728
curve,12.287984981226533,77.14637522671987
curve,12.304818523153942,77.20896551910973
curve,12.321652065081352,77.27154029238731
curve,12.338485607008762,77.33409963267206
curve,12.35531914893617,77.39664362590376
curve,12.37215269086358,77.45917235784366
curve,12.38898623279099,77.52168591407579
curve,12.405819774718399,77.58418438000808
curve,12.422653316645807,77.6466678408737
curve,12.439486858573217,77.70913638173215
curve,12.456320400500626,77.77159008747051
curve,12.473153942428036,77.83402904280467
curve,12.489987484355444,77.89645333228044
curve,12.506821026282854,77.95886304027479
curve,12.523654568210263,78.021258250997
curve,12.540488110137673,78.08363904848984
curve,12.557321652065081,78.14600551663077
curve,12.57415519399249,78.20835773913304
curve,12.5909887359199,78.27069579954686
curve,12.60782227784731,78.33301978126063
curve,12.624655819774718,78.39532976750193
curve,12.641489361702128,78.45762584133881
curve,12.658322903629537,78.51990808568084
curve,12.675156445556947,78.58217658328027
curve,12.691989987484355,78.64443141673308
curve,12.708823529411765,78.7066726684803
curve,12.725657071339175,78.76890042080879
curve,12.742490613266584,78.83111475585272
curve,12.759324155193992,78.89331575559437
curve,12.776157697121402,78.95550350186542
curve,12.792991239048812,79.01767807634792
curve,12.809824780976221,79.07983956057548
curve,12.82665832290363,79.14198803593423
curve,12.843491864831039,79.20412358366409
curve,12.860325406758449,79.26624628485959
curve,12.877158948685858,79.32835622047118
curve,12.893992490613266,79.39045347130612
curve,12.910826032540676,79.45253811802962
curve,12.927659574468086,79.5146102411659
curve,12.944493116395495,79.57666992109921
curve,12.961326658322903,79.63871723807486
curve,12.978160200250313,79.70075227220033
curve,12.994993742177723,79.76277510344623
curve,13.01182728410513,79.82478581164737
curve,13.02866082603254,79.8867844765038
curve,13.04549436795995,79.94877117758179
curve,13.06232790988736,80.01074599431492
curve,13.079161451814768,80.07270900600497
curve,13.095994993742178,80.13466029182307
curve,13.112828535669587,80.19659993081066
curve,13.129662077596997,80.25852800188044
curve,13.146495619524405,80.3204445838174
curve,13.163329161451815,80.38234975527986
curve,13.180162703379224,80.44424359480041
curve,13.196996245306634,80.50612618078688
curve,13.213829787234042,80.56799759152337
curve,13.230663329161452,80.62985790517124
curve,13.247496871088861,80.69170719976998
curve,13.264330413016271,80.7535455532383
curve,13.281163954943679,80.81537304337505
curve,13.297997496871089,80.87718974786019
curve,13.314831038798498,80.93899574425568
curve,13.331664580725908,81.00079111000657
curve,13.348498122653316,81.06257592244187
curve,13.365331664580726,81.12435025877546
curve,13.382165206508136,81.18611419610711
curve,13.398998748435545,81.24786781142342
curve,13.415832290362953,81.30961118159867
curve,13.432665832290363,81.37134438339586
curve,13.449499374217773,81.4330674934676
curve,13.466332916145182,81.49478058835699
curve,13.48316645807259,81.5564837444986
curve,13.5,81.61817703821944
bound,0.05,4.558877644892919
bound,13.5,81.61817703821944
