k,tau,E
0.950130616126582,0.3264690213100985,1.417417240745216
2.7476890088934454,0.3264690213100985,1.6300726195729265
4.545247401660308,0.3264690213100985,1.763912143233881
6.342805794427172,0.3264690213100985,1.8590222529680294
8.140364187194036,0.3264690213100985,1.6842860795079766
9.9379225799609,0.3264690213100985,1.8255040563769105
11.735480972727762,0.3264690213100985,1.9363856820905099
13.533039365494625,0.3264690213100985,1.5931007515816435
15.330597758261488,0.3264690213100985,1.806189236515373
17.12815615102835,0.3264690213100985,1.7750419294125837
18.925714543795216,0.3264690213100985,1.759906165719779
20.723272936562076,0.3264690213100985,1.801838218729609
22.520831329328942,0.3264690213100985,1.7055969537901856
24.3183897220958,0.3264690213100985,1.8041775515262137
26.115948114862668,0.3264690213100985,1.8236282197072882
27.913506507629528,0.3264690213100985,1.751683209915624
29.711064900396394,0.3264690213100985,1.785695869977834
31.508623293163257,0.3264690213100985,1.7769677091076646
33.30618168593012,0.3264690213100985,1.8944535526803192
35.10374007869699,0.3264690213100985,1.8205588296706718
36.901298471463846,0.3264690213100985,1.739876369095561
38.698856864230706,0.3264690213100985,1.8458093556149286
40.49641525699757,0.3264690213100985,1.7265549989988187
42.29397364976444,0.3264690213100985,1.83651465787676
44.0915320425313,0.3264690213100985,1.847652487723712
0.950130616126582,0.8640833293674515,1.6454197621126325
2.7476890088934454,0.8640833293674515,2.0332299118902335
4.545247401660308,0.8640833293674515,2.1349725281592016
6.342805794427172,0.8640833293674515,2.1700661925263525
8.140364187194036,0.8640833293674515,2.2400043611881975
9.9379225799609,0.8640833293674515,2.196435380691747
11.735480972727762,0.8640833293674515,2.2104065633153995
13.533039365494625,0.8640833293674515,2.249455624553841
15.330597758261488,0.8640833293674515,2.2491794646597367
17.12815615102835,0.8640833293674515,2.1333898145645978
18.925714543795216,0.8640833293674515,2.3144644310544096
20.723272936562076,0.8640833293674515,2.2594677473276144
22.520831329328942,0.8640833293674515,2.2989167308526053
24.3183897220958,0.8640833293674515,2.2395552193609776
26.115948114862668,0.8640833293674515,2.28282305285222
27.913506507629528,0.8640833293674515,2.230732062405994
29.711064900396394,0.8640833293674515,2.2726571757546608
31.508623293163257,0.8640833293674515,2.2934873548124313
33.30618168593012,0.8640833293674515,2.313389240522268
35.10374007869699,0.8640833293674515,2.3960507793628802
36.901298471463846,0.8640833293674515,2.3085818583709465
38.698856864230706,0.8640833293674515,2.2719971727526937
40.49641525699757,0.8640833293674515,2.2770886382645483
42.29397364976444,0.8640833293674515,2.305419441468127
44.0915320425313,0.8640833293674515,2.3288365248436698
0.950130616126582,1.4016976374248045,1.701886525464214
2.7476890088934454,1.4016976374248045,2.1676621271656167
4.545247401660308,1.4016976374248045,2.251895399620814
6.342805794427172,1.4016976374248045,2.3139436448825674
8.140364187194036,1.4016976374248045,2.3850775259511394
9.9379225799609,1.4016976374248045,2.3873567659359276
11.735480972727762,1.4016976374248045,2.4070840382168255
13.533039365494625,1.4016976374248045,2.4270213427900202
15.330597758261488,1.4016976374248045,2.438078546067898
17.12815615102835,1.4016976374248045,2.4320315216876107
18.925714543795216,1.4016976374248045,2.462388747578202
20.723272936562076,1.4016976374248045,2.435214487621711
22.520831329328942,1.4016976374248045,2.4490539584055773
24.3183897220958,1.4016976374248045,2.4440697506903315
26.115948114862668,1.4016976374248045,2.456806365227505
27.913506507629528,1.4016976374248045,2.4707613046251966
29.711064900396394,1.4016976374248045,2.4635292084991227
31.508623293163257,1.4016976374248045,2.478220619505499
33.30618168593012,1.4016976374248045,2.4832066002351163
35.10374007869699,1.4016976374248045,2.476819153009401
36.901298471463846,1.4016976374248045,2.4831727866154654
38.698856864230706,1.4016976374248045,2.4791351140194684
40.49641525699757,1.4016976374248045,2.480010051539467
42.29397364976444,1.4016976374248045,2.4732356100108492
44.0915320425313,1.4016976374248045,2.479539774007069
0.950130616126582,1.9393119454821575,1.5904592860033537
2.7476890088934454,1.9393119454821575,2.1061465448601213
4.545247401660308,1.9393119454821575,2.2911528050409316
6.342805794427172,1.9393119454821575,2.3710585181958983
8.140364187194036,1.9393119454821575,2.416689622751821
9.9379225799609,1.9393119454821575,2.4479038276021563
11.735480972727762,1.9393119454821575,2.487471980377328
13.533039365494625,1.9393119454821575,2.492758594961314
15.330597758261488,1.9393119454821575,2.5257099599869757
17.12815615102835,1.9393119454821575,2.5149851623194825
18.925714543795216,1.9393119454821575,2.516249406939088
20.723272936562076,1.9393119454821575,2.531893478080993
22.520831329328942,1.9393119454821575,2.5487854355027735
24.3183897220958,1.9393119454821575,2.539071077298412
26.115948114862668,1.9393119454821575,2.5265592332540585
27.913506507629528,1.9393119454821575,2.5630666291043354
29.711064900396394,1.9393119454821575,2.553866399837186
31.508623293163257,1.9393119454821575,2.551394957714508
33.30618168593012,1.9393119454821575,2.5609949069393787
35.10374007869699,1.9393119454821575,2.55461071248391
36.901298471463846,1.9393119454821575,2.557862282281676
38.698856864230706,1.9393119454821575,2.5835093886919527
40.49641525699757,1.9393119454821575,2.563381468513061
42.29397364976444,1.9393119454821575,2.567540628565671
44.0915320425313,1.9393119454821575,2.5670214622893988
0.950130616126582,2.476926253539511,1.6235861162564866
2.7476890088934454,2.476926253539511,2.061765192599792
4.545247401660308,2.476926253539511,2.277874853200123
6.342805794427172,2.476926253539511,2.387562560165581
8.140364187194036,2.476926253539511,2.466631236944854
9.9379225799609,2.476926253539511,2.4845304156783685
11.735480972727762,2.476926253539511,2.5075109574424452
13.533039365494625,2.476926253539511,2.527271607716143
15.330597758261488,2.476926253539511,2.5453336970406486
17.12815615102835,2.476926253539511,2.5590025902649844
18.925714543795216,2.476926253539511,2.5675993821564287
20.723272936562076,2.476926253539511,2.5734637133689495
22.520831329328942,2.476926253539511,2.563937207968589
24.3183897220958,2.476926253539511,2.5950725665501926
26.115948114862668,2.476926253539511,2.5982224525941318
27.913506507629528,2.476926253539511,2.596322152926481
29.711064900396394,2.476926253539511,2.596542067470219
31.508623293163257,2.476926253539511,2.6095159433902424
33.30618168593012,2.476926253539511,2.6060111479906083
35.10374007869699,2.476926253539511,2.6083569711534205
36.901298471463846,2.476926253539511,2.612637384722116
38.698856864230706,2.476926253539511,2.598508780771229
40.49641525699757,2.476926253539511,2.605635259454654
42.29397364976444,2.476926253539511,2.624176827991935
44.0915320425313,2.476926253539511,2.6370462478018566
0.950130616126582,3.0145405615968635,1.5123606658404953
2.7476890088934454,3.0145405615968635,2.0494340353789893
4.545247401660308,3.0145405615968635,2.282927881817833
6.342805794427172,3.0145405615968635,2.398581165117354
8.140364187194036,3.0145405615968635,2.4775589856330655
9.9379225799609,3.0145405615968635,2.5173690681128575
11.735480972727762,3.0145405615968635,2.5407902023113995
13.533039365494625,3.0145405615968635,2.557361101988174
15.330597758261488,3.0145405615968635,2.579027569193721
17.12815615102835,3.0145405615968635,2.57728121842258
18.925714543795216,3.0145405615968635,2.5943493550644354
20.723272936562076,3.0145405615968635,2.5942403055597745
22.520831329328942,3.0145405615968635,2.599322661427034
24.3183897220958,3.0145405615968635,2.6143035679437063
26.115948114862668,3.0145405615968635,2.6219476071282144
27.913506507629528,3.0145405615968635,2.628618442935761
29.711064900396394,3.0145405615968635,2.618822022960747
31.508623293163257,3.0145405615968635,2.624742444845026
33.30618168593012,3.0145405615968635,2.6346087165220022
35.10374007869699,3.0145405615968635,2.639381214698312
36.901298471463846,3.0145405615968635,2.6317359799201663
38.698856864230706,3.0145405615968635,2.6365555030348786
40.49641525699757,3.0145405615968635,2.6378903716937367
42.29397364976444,3.0145405615968635,2.651633765884406
44.0915320425313,3.0145405615968635,2.6455820943071924
0.950130616126582,3.552154869654217,1.5876141251547058
2.7476890088934454,3.552154869654217,2.0867441126052966
4.545247401660308,3.552154869654217,2.297604430554897
6.342805794427172,3.552154869654217,2.4096689992737943
8.140364187194036,3.552154869654217,2.468054428993794
9.9379225799609,3.552154869654217,2.5219428116085596
11.735480972727762,3.552154869654217,2.5367523074346403
13.533039365494625,3.552154869654217,2.5558246413952546
15.330597758261488,3.552154869654217,2.5746357541598037
17.12815615102835,3.552154869654217,2.5915010242142684
18.925714543795216,3.552154869654217,2.6060254082991197
20.723272936562076,3.552154869654217,2.6187082254412317
22.520831329328942,3.552154869654217,2.629242305787276
24.3183897220958,3.552154869654217,2.625476959759161
26.115948114862668,3.552154869654217,2.6308573834548468
27.913506507629528,3.552154869654217,2.640052387864464
29.711064900396394,3.552154869654217,2.635350807980083
31.508623293163257,3.552154869654217,2.6430447615840627
33.30618168593012,3.552154869654217,2.6511786462047646
35.10374007869699,3.552154869654217,2.656931039650451
36.901298471463846,3.552154869654217,2.6602617156459236
38.698856864230706,3.552154869654217,2.6509277791871657
40.49641525699757,3.552154869654217,2.660473665286954
42.29397364976444,3.552154869654217,2.6609982793612645
44.0915320425313,3.552154869654217,2.6590834762474276
0.950130616126582,4.0897691777115694,1.4559062550271404
2.7476890088934454,4.0897691777115694,1.9351334069375283
4.545247401660308,4.0897691777115694,2.2842969643775937
6.342805794427172,4.0897691777115694,2.4080245781101897
8.140364187194036,4.0897691777115694,2.483947318080137
9.9379225799609,4.0897691777115694,2.522530981316884
11.735480972727762,4.0897691777115694,2.5509990298381626
13.533039365494625,4.0897691777115694,2.5867065541247087
15.330597758261488,4.0897691777115694,2.5968354744958733
17.12815615102835,4.0897691777115694,2.6038462430652296
18.925714543795216,4.0897691777115694,2.6071853192422054
20.723272936562076,4.0897691777115694,2.6311374376367933
22.520831329328942,4.0897691777115694,2.6215300148632372
24.3183897220958,4.0897691777115694,2.6232428392816636
26.115948114862668,4.0897691777115694,2.640284392129943
27.913506507629528,4.0897691777115694,2.653619537969483
29.711064900396394,4.0897691777115694,2.6556271075421773
31.508623293163257,4.0897691777115694,2.6657013870831996
33.30618168593012,4.0897691777115694,2.6577278467402157
35.10374007869699,4.0897691777115694,2.6741737153912863
36.901298471463846,4.0897691777115694,2.667337158890072
38.698856864230706,4.0897691777115694,2.678505811918224
40.49641525699757,4.0897691777115694,2.667230055846799
42.29397364976444,4.0897691777115694,2.6814645184540224
44.0915320425313,4.0897691777115694,2.6757775986845216
0.950130616126582,4.627383485768923,1.4200886779552728
2.7476890088934454,4.627383485768923,1.9794552543963033
4.545247401660308,4.627383485768923,2.2413041145418426
6.342805794427172,4.627383485768923,2.4194664732599396
8.140364187194036,4.627383485768923,2.488356450206024
9.9379225799609,4.627383485768923,2.525859269872904
11.735480972727762,4.627383485768923,2.5660539413467123
13.533039365494625,4.627383485768923,2.5846502395672175
15.330597758261488,4.627383485768923,2.5956318660880795
17.12815615102835,4.627383485768923,2.6093058004611467
18.925714543795216,4.627383485768923,2.62497824931859
20.723272936562076,4.627383485768923,2.6284636905529832
22.520831329328942,4.627383485768923,2.637257597370095
24.3183897220958,4.627383485768923,2.6540910556865795
26.115948114862668,4.627383485768923,2.65090392368801
27.913506507629528,4.627383485768923,2.6525553374032564
29.711064900396394,4.627383485768923,2.6598587058901995
31.508623293163257,4.627383485768923,2.6664251626258793
33.30618168593012,4.627383485768923,2.674857465038439
35.10374007869699,4.627383485768923,2.670935192651872
36.901298471463846,4.627383485768923,2.6773774503362606
38.698856864230706,4.627383485768923,2.6795100643322827
40.49641525699757,4.627383485768923,2.6747885320319957
42.29397364976444,4.627383485768923,2.682204135882187
44.0915320425313,4.627383485768923,2.6886562548832
0.950130616126582,5.164997793826275,1.4132352064393152
2.7476890088934454,5.164997793826275,2.023838869266563
4.545247401660308,5.164997793826275,2.2913169156969944
6.342805794427172,5.164997793826275,2.4137060790393434
8.140364187194036,5.164997793826275,2.4879054782158523
9.9379225799609,5.164997793826275,2.526929959010529
11.735480972727762,5.164997793826275,2.570456126385183
13.533039365494625,5.164997793826275,2.587325959447741
15.330597758261488,5.164997793826275,2.599171913393938
17.12815615102835,5.164997793826275,2.6125429345053734
18.925714543795216,5.164997793826275,2.621732164702041
20.723272936562076,5.164997793826275,2.642161701431705
22.520831329328942,5.164997793826275,2.6364427005083666
24.3183897220958,5.164997793826275,2.640580553544305
26.115948114862668,5.164997793826275,2.6567910140212914
27.913506507629528,5.164997793826275,2.6578441735636167
29.711064900396394,5.164997793826275,2.670186268843619
31.508623293163257,5.164997793826275,2.670799128455905
33.30618168593012,5.164997793826275,2.669076052486423
35.10374007869699,5.164997793826275,2.67768835889683
36.901298471463846,5.164997793826275,2.6763292292275964
38.698856864230706,5.164997793826275,2.68038436339528
40.49641525699757,5.164997793826275,2.685311652162409
42.29397364976444,5.164997793826275,2.6809801527678983
44.0915320425313,5.164997793826275,2.6900504408004497
0.950130616126582,5.702612101883629,1.3489044572836257
2.7476890088934454,5.702612101883629,1.839712325276042
4.545247401660308,5.702612101883629,2.2614371628461742
6.342805794427172,5.702612101883629,2.4036812722988445
8.140364187194036,5.702612101883629,2.494626754001352
9.9379225799609,5.702612101883629,2.5323621089954713
11.735480972727762,5.702612101883629,2.563465847393531
13.533039365494625,5.702612101883629,2.5925393274836894
15.330597758261488,5.702612101883629,2.601527163710784
17.12815615102835,5.702612101883629,2.634805556764135
18.925714543795216,5.702612101883629,2.6243872463514655
20.723272936562076,5.702612101883629,2.6411476519306123
22.520831329328942,5.702612101883629,2.6431854278134095
24.3183897220958,5.702612101883629,2.6529581243165032
26.115948114862668,5.702612101883629,2.6567505688125665
27.913506507629528,5.702612101883629,2.666819575032049
29.711064900396394,5.702612101883629,2.672796071677653
31.508623293163257,5.702612101883629,2.6777878428605932
33.30618168593012,5.702612101883629,2.680370723192601
35.10374007869699,5.702612101883629,2.6794511264523146
36.901298471463846,5.702612101883629,2.6786473315573445
38.698856864230706,5.702612101883629,2.6809507394908656
40.49641525699757,5.702612101883629,2.6870921125611367
42.29397364976444,5.702612101883629,2.6925243503886236
44.0915320425313,5.702612101883629,2.6970553751604536
0.950130616126582,6.240226409940981,1.4795848159338656
2.7476890088934454,6.240226409940981,2.0206894917025355
4.545247401660308,6.240226409940981,2.275534699747103
6.342805794427172,6.240226409940981,2.408949383702456
8.140364187194036,6.240226409940981,2.4979108915609807
9.9379225799609,6.240226409940981,2.5411550511005205
11.735480972727762,6.240226409940981,2.572243009675841
13.533039365494625,6.240226409940981,2.5978848818482887
15.330597758261488,6.240226409940981,2.612887069906262
17.12815615102835,6.240226409940981,2.632493552302635
18.925714543795216,6.240226409940981,2.643284713039266
20.723272936562076,6.240226409940981,2.6451845209927725
22.520831329328942,6.240226409940981,2.6449159409695278
24.3183897220958,6.240226409940981,2.664113227985863
26.115948114862668,6.240226409940981,2.6587162373678948
27.913506507629528,6.240226409940981,2.661807763059369
29.711064900396394,6.240226409940981,2.67102865135441
31.508623293163257,6.240226409940981,2.6702031378969475
33.30618168593012,6.240226409940981,2.6892329876796754
35.10374007869699,6.240226409940981,2.684971646084633
36.901298471463846,6.240226409940981,2.6867647850494842
38.698856864230706,6.240226409940981,2.6872819465330178
40.49641525699757,6.240226409940981,2.697563632672088
42.29397364976444,6.240226409940981,2.6989844077206677
44.0915320425313,6.240226409940981,2.6935300005726037
0.950130616126582,6.777840717998335,1.4677313407068087
2.7476890088934454,6.777840717998335,2.0048340867121435
4.545247401660308,6.777840717998335,2.284449899927602
6.342805794427172,6.777840717998335,2.424258160678551
8.140364187194036,6.777840717998335,2.480056991664263
9.9379225799609,6.777840717998335,2.568884039117761
11.735480972727762,6.777840717998335,2.5931983388182966
13.533039365494625,6.777840717998335,2.6113197329714106
15.330597758261488,6.777840717998335,2.618850381367625
17.12815615102835,6.777840717998335,2.634761009053014
18.925714543795216,6.777840717998335,2.640012753465934
20.723272936562076,6.777840717998335,2.649484600716844
22.520831329328942,6.777840717998335,2.6524907595194067
24.3183897220958,6.777840717998335,2.6693558686917225
26.115948114862668,6.777840717998335,2.667996987203227
27.913506507629528,6.777840717998335,2.6747638603583344
29.711064900396394,6.777840717998335,2.6724372497681594
31.508623293163257,6.777840717998335,2.6777303970006616
33.30618168593012,6.777840717998335,2.6854415435501418
35.10374007869699,6.777840717998335,2.678492600739862
36.901298471463846,6.777840717998335,2.691363846223435
38.698856864230706,6.777840717998335,2.6925875160610193
40.49641525699757,6.777840717998335,2.693120732747421
42.29397364976444,6.777840717998335,2.6902031960924364
44.0915320425313,6.777840717998335,2.695753322695482
0.950130616126582,7.315455026055687,1.438942767069494
2.7476890088934454,7.315455026055687,2.005869959415866
4.545247401660308,7.315455026055687,2.3058445793434146
6.342805794427172,7.315455026055687,2.4267128599898298
8.140364187194036,7.315455026055687,2.5095823529054737
9.9379225799609,7.315455026055687,2.550313428952911
11.735480972727762,7.315455026055687,2.5918214507238946
13.533039365494625,7.315455026055687,2.6147156370719107
15.330597758261488,7.315455026055687,2.6269581266865143
17.12815615102835,7.315455026055687,2.6388678541667057
18.925714543795216,7.315455026055687,2.6501975879464053
20.723272936562076,7.315455026055687,2.6497646449274748
22.520831329328942,7.315455026055687,2.656652570763972
24.3183897220958,7.315455026055687,2.674823380306988
26.115948114862668,7.315455026055687,2.676209511848749
27.913506507629528,7.315455026055687,2.680608964626776
29.711064900396394,7.315455026055687,2.6785470793626485
31.508623293163257,7.315455026055687,2.6779680612343
33.30618168593012,7.315455026055687,2.6897327714608212
35.10374007869699,7.315455026055687,2.6903282218922318
36.901298471463846,7.315455026055687,2.691773168371932
38.698856864230706,7.315455026055687,2.6955432876239347
40.49641525699757,7.315455026055687,2.6932524263564295
42.29397364976444,7.315455026055687,2.696177465853028
44.0915320425313,7.315455026055687,2.690652030943204
0.950130616126582,7.85306933411304,1.317609154390917
2.7476890088934454,7.85306933411304,1.9411467547270753
4.545247401660308,7.85306933411304,2.2998449816475235
6.342805794427172,7.85306933411304,2.4357188156943805
8.140364187194036,7.85306933411304,2.5203249118900706
9.9379225799609,7.85306933411304,2.568728156105875
11.735480972727762,7.85306933411304,2.5978407266269494
13.533039365494625,7.85306933411304,2.6320656903362307
15.330597758261488,7.85306933411304,2.632387619398954
17.12815615102835,7.85306933411304,2.64103711968925
18.925714543795216,7.85306933411304,2.654108490563747
20.723272936562076,7.85306933411304,2.6513921868154315
22.520831329328942,7.85306933411304,2.661324080426072
24.3183897220958,7.85306933411304,2.6644719445536036
26.115948114862668,7.85306933411304,2.6778431938391143
27.913506507629528,7.85306933411304,2.66814128812758
29.711064900396394,7.85306933411304,2.681205602449679
31.508623293163257,7.85306933411304,2.6844285485974626
33.30618168593012,7.85306933411304,2.686439101380719
35.10374007869699,7.85306933411304,2.690653234252737
36.901298471463846,7.85306933411304,2.6942834211150264
38.698856864230706,7.85306933411304,2.6915938449018717
40.49641525699757,7.85306933411304,2.6878299275227815
42.29397364976444,7.85306933411304,2.695358966879999
44.0915320425313,7.85306933411304,2.6981045304422198
0.950130616126582,8.390683642170393,1.3424204417004277
2.7476890088934454,8.390683642170393,1.987523573710348
4.545247401660308,8.390683642170393,2.3216508619495095
6.342805794427172,8.390683642170393,2.4615451095449257
8.140364187194036,8.390683642170393,2.53432639365008
9.9379225799609,8.390683642170393,2.5704394785928764
11.735480972727762,8.390683642170393,2.598173688248116
13.533039365494625,8.390683642170393,2.6252671046334037
15.330597758261488,8.390683642170393,2.6397809759636335
17.12815615102835,8.390683642170393,2.6460402866466337
18.925714543795216,8.390683642170393,2.6457385503963513
20.723272936562076,8.390683642170393,2.6531722359257977
22.520831329328942,8.390683642170393,2.6629634249257865
24.3183897220958,8.390683642170393,2.6711432692823873
26.115948114862668,8.390683642170393,2.6651099530659343
27.913506507629528,8.390683642170393,2.6709018352886025
29.711064900396394,8.390683642170393,2.682854737980842
31.508623293163257,8.390683642170393,2.686674796057829
33.30618168593012,8.390683642170393,2.6906666776965533
35.10374007869699,8.390683642170393,2.6929379457529143
36.901298471463846,8.390683642170393,2.6961847996145067
38.698856864230706,8.390683642170393,2.6963475922294973
40.49641525699757,8.390683642170393,2.695529845610647
42.29397364976444,8.390683642170393,2.693236134669181
44.0915320425313,8.390683642170393,2.7048806811382144
0.950130616126582,8.928297950227746,1.4205772156291205
2.7476890088934454,8.928297950227746,2.0710507746763653
4.545247401660308,8.928297950227746,2.328215717055548
6.342805794427172,8.928297950227746,2.4572757289467844
8.140364187194036,8.928297950227746,2.539229713520033
9.9379225799609,8.928297950227746,2.5705572858450885
11.735480972727762,8.928297950227746,2.5991432247687642
13.533039365494625,8.928297950227746,2.606886972946197
15.330597758261488,8.928297950227746,2.635031060731706
17.12815615102835,8.928297950227746,2.6408152556315163
18.925714543795216,8.928297950227746,2.65593506373659
20.723272936562076,8.928297950227746,2.6662139374856255
22.520831329328942,8.928297950227746,2.6627868823374814
24.3183897220958,8.928297950227746,2.6660726747576664
26.115948114862668,8.928297950227746,2.6755259634379467
27.913506507629528,8.928297950227746,2.679411839144674
29.711064900396394,8.928297950227746,2.68337412670775
31.508623293163257,8.928297950227746,2.6859670902813595
33.30618168593012,8.928297950227746,2.693154143349263
35.10374007869699,8.928297950227746,2.694411505837129
36.901298471463846,8.928297950227746,2.6853314823331793
38.698856864230706,8.928297950227746,2.695800478811435
40.49641525699757,8.928297950227746,2.693430330798939
42.29397364976444,8.928297950227746,2.6972362152906024
44.0915320425313,8.928297950227746,2.697144343809092
0.950130616126582,9.4659122582851,1.4001340713851955
2.7476890088934454,9.4659122582851,1.9422549453150122
4.545247401660308,9.4659122582851,2.3287627207838995
6.342805794427172,9.4659122582851,2.45917273484332
8.140364187194036,9.4659122582851,2.538617906054456
9.9379225799609,9.4659122582851,2.567382028769966
11.735480972727762,9.4659122582851,2.608057193855224
13.533039365494625,9.4659122582851,2.624208651237477
15.330597758261488,9.4659122582851,2.626326790953957
17.12815615102835,9.4659122582851,2.6322623202381696
18.925714543795216,9.4659122582851,2.6501296516302255
20.723272936562076,9.4659122582851,2.663682284369977
22.520831329328942,9.4659122582851,2.6596737220437383
24.3183897220958,9.4659122582851,2.664220075752547
26.115948114862668,9.4659122582851,2.661565955994004
27.913506507629528,9.4659122582851,2.6722890539341484
29.711064900396394,9.4659122582851,2.6780852657450334
31.508623293163257,9.4659122582851,2.6825239249259605
33.30618168593012,9.4659122582851,2.675956847555389
35.10374007869699,9.4659122582851,2.6902761151167054
36.901298471463846,9.4659122582851,2.6869015677821757
38.698856864230706,9.4659122582851,2.69623781965963
40.49641525699757,9.4659122582851,2.6944415734453115
42.29397364976444,9.4659122582851,2.6941390633179467
44.0915320425313,9.4659122582851,2.7004600860303625
0.950130616126582,10.003526566342451,1.3507929525136488
2.7476890088934454,10.003526566342451,2.079756163041422
4.545247401660308,10.003526566342451,2.324720999224177
6.342805794427172,10.003526566342451,2.4701436063782394
8.140364187194036,10.003526566342451,2.5329113593837222
9.9379225799609,10.003526566342451,2.565567432567091
11.735480972727762,10.003526566342451,2.592015498904639
13.533039365494625,10.003526566342451,2.6036793561691187
15.330597758261488,10.003526566342451,2.62697185055219
17.12815615102835,10.003526566342451,2.635278305506171
18.925714543795216,10.003526566342451,2.6457334898010942
20.723272936562076,10.003526566342451,2.644146201190886
22.520831329328942,10.003526566342451,2.659009402100785
24.3183897220958,10.003526566342451,2.6722032376578473
26.115948114862668,10.003526566342451,2.6577506781500673
27.913506507629528,10.003526566342451,2.6665175088385027
29.711064900396394,10.003526566342451,2.6672617460993044
31.508623293163257,10.003526566342451,2.6768452273726164
33.30618168593012,10.003526566342451,2.6796652032429917
35.10374007869699,10.003526566342451,2.676387350336372
36.901298471463846,10.003526566342451,2.686618989000836
38.698856864230706,10.003526566342451,2.687465035235569
40.49641525699757,10.003526566342451,2.68974322036955
42.29397364976444,10.003526566342451,2.6844932455544215
44.0915320425313,10.003526566342451,2.695936166659677
0.950130616126582,10.541140874399805,1.4210167699480851
2.7476890088934454,10.541140874399805,2.1075376283708445
4.545247401660308,10.541140874399805,2.35265518614111
6.342805794427172,10.541140874399805,2.466243352254902
8.140364187194036,10.541140874399805,2.5409782254340785
9.9379225799609,10.541140874399805,2.580283453869519
11.735480972727762,10.541140874399805,2.58267068503748
13.533039365494625,10.541140874399805,2.6064046502826317
15.330597758261488,10.541140874399805,2.6186171411815873
17.12815615102835,10.541140874399805,2.6300886791800693
18.925714543795216,10.541140874399805,2.6339961701376486
20.723272936562076,10.541140874399805,2.6422109934605875
22.520831329328942,10.541140874399805,2.6495617659738935
24.3183897220958,10.541140874399805,2.6525221428566503
26.115948114862668,10.541140874399805,2.6561167556467176
27.913506507629528,10.541140874399805,2.656315276894102
29.711064900396394,10.541140874399805,2.670688098095416
31.508623293163257,10.541140874399805,2.666138837986309
33.30618168593012,10.541140874399805,2.6688979166288225
35.10374007869699,10.541140874399805,2.678537024826737
36.901298471463846,10.541140874399805,2.6869323844675397
38.698856864230706,10.541140874399805,2.6755727978815083
40.49641525699757,10.541140874399805,2.682248473044262
42.29397364976444,10.541140874399805,2.6867392130149956
44.0915320425313,10.541140874399805,2.686365611952539
0.950130616126582,11.078755182457158,1.312381546653559
2.7476890088934454,11.078755182457158,1.9947478095934954
4.545247401660308,11.078755182457158,2.341462132942101
6.342805794427172,11.078755182457158,2.4741018792092753
8.140364187194036,11.078755182457158,2.5255072421512965
9.9379225799609,11.078755182457158,2.5522922321103207
11.735480972727762,11.078755182457158,2.5670170294522974
13.533039365494625,11.078755182457158,2.594676289572396
15.330597758261488,11.078755182457158,2.598437855662341
17.12815615102835,11.078755182457158,2.6081859554742306
18.925714543795216,11.078755182457158,2.618706307500891
20.723272936562076,11.078755182457158,2.6304674836794155
22.520831329328942,11.078755182457158,2.6461707921908086
24.3183897220958,11.078755182457158,2.6473600151319716
26.115948114862668,11.078755182457158,2.646480360337074
27.913506507629528,11.078755182457158,2.6559843694378973
29.711064900396394,11.078755182457158,2.65811049734031
31.508623293163257,11.078755182457158,2.6639595502936904
33.30618168593012,11.078755182457158,2.6700629130359568
35.10374007869699,11.078755182457158,2.68266491279178
36.901298471463846,11.078755182457158,2.668611035741444
38.698856864230706,11.078755182457158,2.664654839570363
40.49641525699757,11.078755182457158,2.6730777159528722
42.29397364976444,11.078755182457158,2.6771620178744993
44.0915320425313,11.078755182457158,2.672902735930802
0.950130616126582,11.616369490514511,1.504167380589056
2.7476890088934454,11.616369490514511,2.1245251870576927
4.545247401660308,11.616369490514511,2.360826181047016
6.342805794427172,11.616369490514511,2.480168629898853
8.140364187194036,11.616369490514511,2.5275975301471134
9.9379225799609,11.616369490514511,2.5673924545829614
11.735480972727762,11.616369490514511,2.5707628916242706
13.533039365494625,11.616369490514511,2.592475736679202
15.330597758261488,11.616369490514511,2.6002551545020123
17.12815615102835,11.616369490514511,2.613230397702937
18.925714543795216,11.616369490514511,2.6243229882530135
20.723272936562076,11.616369490514511,2.6302190594119836
22.520831329328942,11.616369490514511,2.640310098680522
24.3183897220958,11.616369490514511,2.63722555818042
26.115948114862668,11.616369490514511,2.635031843609326
27.913506507629528,11.616369490514511,2.6470197700250875
29.711064900396394,11.616369490514511,2.653773342732419
31.508623293163257,11.616369490514511,2.6507650738930213
33.30618168593012,11.616369490514511,2.6512218660757227
35.10374007869699,11.616369490514511,2.663194753470851
36.901298471463846,11.616369490514511,2.670727665387204
38.698856864230706,11.616369490514511,2.667007259339864
40.49641525699757,11.616369490514511,2.6688506106371688
42.29397364976444,11.616369490514511,2.669029762667174
44.0915320425313,11.616369490514511,2.6763706276293577
0.950130616126582,12.153983798571863,1.4639319642821833
2.7476890088934454,12.153983798571863,2.2008536622697688
4.545247401660308,12.153983798571863,2.4146031513606654
6.342805794427172,12.153983798571863,2.4981184418234323
8.140364187194036,12.153983798571863,2.5394295668390052
9.9379225799609,12.153983798571863,2.559595415872725
11.735480972727762,12.153983798571863,2.5877498296766026
13.533039365494625,12.153983798571863,2.6007386344228336
15.330597758261488,12.153983798571863,2.595223615335833
17.12815615102835,12.153983798571863,2.617007246559762
18.925714543795216,12.153983798571863,2.616494013130757
20.723272936562076,12.153983798571863,2.624377945393491
22.520831329328942,12.153983798571863,2.632957666418873
24.3183897220958,12.153983798571863,2.6422199329599128
26.115948114862668,12.153983798571863,2.628958238906575
27.913506507629528,12.153983798571863,2.629740534318727
29.711064900396394,12.153983798571863,2.651001248282736
31.508623293163257,12.153983798571863,2.662765035102837
33.30618168593012,12.153983798571863,2.6604824077542975
35.10374007869699,12.153983798571863,2.6421167263188186
36.901298471463846,12.153983798571863,2.6534707423091257
38.698856864230706,12.153983798571863,2.6659977437994264
40.49641525699757,12.153983798571863,2.673993856992947
42.29397364976444,12.153983798571863,2.672791757022873
44.0915320425313,12.153983798571863,2.671362566758255
0.950130616126582,12.691598106629217,1.4264328813401643
2.7476890088934454,12.691598106629217,2.1096518629652143
4.545247401660308,12.691598106629217,2.4215178162949114
6.342805794427172,12.691598106629217,2.5162289760053884
8.140364187194036,12.691598106629217,2.5510917120628265
9.9379225799609,12.691598106629217,2.5515535956383997
11.735480972727762,12.691598106629217,2.568219166042277
13.533039365494625,12.691598106629217,2.5976699522380224
15.330597758261488,12.691598106629217,2.597142741766749
17.12815615102835,12.691598106629217,2.631776793594592
18.925714543795216,12.691598106629217,2.6330604651631284
20.723272936562076,12.691598106629217,2.6149770413354974
22.520831329328942,12.691598106629217,2.614736449359399
24.3183897220958,12.691598106629217,2.6189096930970925
26.115948114862668,12.691598106629217,2.6114834068761783
27.913506507629528,12.691598106629217,2.6448356332143117
29.711064900396394,12.691598106629217,2.6570996983908457
31.508623293163257,12.691598106629217,2.6457965385826507
33.30618168593012,12.691598106629217,2.6460537789392435
35.10374007869699,12.691598106629217,2.6331107660635706
36.901298471463846,12.691598106629217,2.6516216199958937
38.698856864230706,12.691598106629217,2.6623416774230955
40.49641525699757,12.691598106629217,2.658951613840661
42.29397364976444,12.691598106629217,2.6619310916518346
44.0915320425313,12.691598106629217,2.6667154760016727
0.950130616126582,13.229212414686568,1.2739072875734787
2.7476890088934454,13.229212414686568,2.1186568200073532
4.545247401660308,13.229212414686568,2.4631584801529867
6.342805794427172,13.229212414686568,2.495496384083032
8.140364187194036,13.229212414686568,2.5416994801113777
9.9379225799609,13.229212414686568,2.547643690773002
11.735480972727762,13.229212414686568,2.567258958454142
13.533039365494625,13.229212414686568,2.557185652295799
15.330597758261488,13.229212414686568,2.5949498622216667
17.12815615102835,13.229212414686568,2.5914865231081103
18.925714543795216,13.229212414686568,2.5951039435031666
20.723272936562076,13.229212414686568,2.6180323224632103
22.520831329328942,13.229212414686568,2.625434904347796
24.3183897220958,13.229212414686568,2.6159804537148483
26.115948114862668,13.229212414686568,2.6225517319058484
27.913506507629528,13.229212414686568,2.6193453312625237
29.711064900396394,13.229212414686568,2.6498339206970747
31.508623293163257,13.229212414686568,2.627885044313672
33.30618168593012,13.229212414686568,2.641931296550972
35.10374007869699,13.229212414686568,2.6316024167256136
36.901298471463846,13.229212414686568,2.6364046947015547
38.698856864230706,13.229212414686568,2.629382674574077
40.49641525699757,13.229212414686568,2.64031053105669
42.29397364976444,13.229212414686568,2.6416830125798616
44.0915320425313,13.229212414686568,2.6589216472654305
