multiplier,x,y
40,0.0078125,0.0112825634701574
40,0.0234375,0.0055972105704697
40,0.0390625,0.0020083834675453
40,0.0546875,0.0010218351321485
40,0.0703125,0.0005051693388344
40,0.0859375,0.0007181168250441
40,0.1015625,0.0007757479935893
40,0.1171875,0.000800274103457
40,0.1328125,0.0008188379297331
40,0.1484375,0.0008530879000196
40,0.1640625,0.0008692494304825
40,0.1796875,0.0008838020064651
40,0.1953125,0.0008870684286349
40,0.2109375,0.0009100793469345
40,0.2265625,0.0009040102816857
40,0.2421875,0.0009345420262722
40,0.2578125,0.0008988470019427
40,0.2734375,0.0009343929825132
40,0.2890625,0.0009631740403409
40,0.3046875,0.000980216894542
40,0.3203125,0.0009818577919152
40,0.3359375,0.0010168669774351
40,0.3515625,0.0010476815560289
40,0.3671875,0.0009586789328259
40,0.3828125,0.0010040563416856
40,0.3984375,0.0010632052670719
40,0.4140625,0.0011048093257301
40,0.4296875,0.0010410124885816
40,0.4453125,0.0010695584945702
40,0.4609375,0.0012077302338123
40,0.4765625,0.0011270184422924
40,0.4921875,0.0011797073741429
40,0.5078125,0.0013657108110301
40,0.5234375,0.0013331733506544
40,0.5390625,0.0011233559937296
40,0.5546875,0.0013622248063731
40,0.5703125,0.0013918184224304
40,0.5859375,0.0013213431496525
40,0.6015625,0.0011831772732757
40,0.6171875,0.0014358162415888
40,0.6328125,0.0014012938800387
40,0.6484375,0.0015929698324351
40,0.6640625,0.0013189763368682
40,0.6796875,0.0016461294894173
40,0.6953125,0.0013938680941126
40,0.7109375,0.0014140847344967
40,0.7265625,0.001500936189743
40,0.7421875,0.0016106549299647
40,0.7578125,0.0016827568627471
40,0.7734375,0.0018705024774506
40,0.7890625,0.0015331359616636
40,0.8046875,0.0020354583731455
40,0.8203125,0.0014861739195984
40,0.8359375,0.0021790426452864
40,0.8515625,0.0023349359022624
40,0.8671875,0.0024259535564821
40,0.8828125,0.0027036037599098
40,0.8984375,0.0034700721656558
40,0.9140625,0.0025597571617932
40,0.9296875,0.0021659444609231
40,0.9453125,0.0028430235223654
40,0.9609375,0.0037985276633319
40,0.9765625,0.0025153682907698
40,0.9921875,0.0029541834430897
80,0.0078125,0.0116729221176569
80,0.0234375,0.005825580080849
80,0.0390625,0.0019893225059148
80,0.0546875,0.0010177493020389
80,0.0703125,0.000507968956599
80,0.0859375,0.0007176899537934
80,0.1015625,0.0007718515189458
80,0.1171875,0.0008054481151228
80,0.1328125,0.0008265506776959
80,0.1484375,0.0008603105177864
80,0.1640625,0.0008861520387756
80,0.1796875,0.0009056324572481
80,0.1953125,0.000920500329314
80,0.2109375,0.0009436980886562
80,0.2265625,0.0009475479228547
80,0.2421875,0.0009792451588153
80,0.2578125,0.0009873779225097
80,0.2734375,0.0010023899399775
80,0.2890625,0.0010777244652564
80,0.3046875,0.0009993519316946
80,0.3203125,0.001062567256289
80,0.3359375,0.0011115687036403
80,0.3515625,0.001145058512696
80,0.3671875,0.0010725402240879
80,0.3828125,0.0010714794428561
80,0.3984375,0.0011811296988832
80,0.4140625,0.0011674290322718
80,0.4296875,0.0012176347715256
80,0.4453125,0.0012469738640709
80,0.4609375,0.0012502392544427
80,0.4765625,0.001397082734436
80,0.4921875,0.0014142969638665
80,0.5078125,0.0015601012184447
80,0.5234375,0.0012536224106281
80,0.5390625,0.0013047852887082
80,0.5546875,0.0014868025849182
80,0.5703125,0.0016302570509367
80,0.5859375,0.0018017216297296
80,0.6015625,0.0015716618570118
80,0.6171875,0.0015769658151762
80,0.6328125,0.001809067293012
80,0.6484375,0.0021717314485549
80,0.6640625,0.0017931870941885
80,0.6796875,0.0022825501936785
80,0.6953125,0.0018632925000679
80,0.7109375,0.0020470883190728
80,0.7265625,0.0015611260652561
80,0.7421875,0.003052774941064
80,0.7578125,0.0022497427476879
80,0.7734375,0.002504450686725
80,0.7890625,0.0022712763448684
80,0.8046875,0.0028114551819441
80,0.8203125,0.0039473500467175
80,0.8359375,0.002037264386401
80,0.8515625,0.0022159427174183
80,0.8671875,0.003077570858515
80,0.8828125,0.0032994134618744
80,0.8984375,0.0026502155285044
80,0.9140625,0.0021132460305291
80,0.9296875,0.0038601872479008
80,0.9453125,0.0034059211719883
80,0.9609375,0.0039872387006614
80,0.9765625,0.0043098875061131
80,0.9921875,0.0022862710656198
160,0.0078125,0.0121500057025547
160,0.0234375,0.0058998685336151
160,0.0390625,0.0020081583904626
160,0.0546875,0.001009779834569
160,0.0703125,0.0005128687310219
160,0.0859375,0.0007205696509455
160,0.1015625,0.000776955341239
160,0.1171875,0.0008227774477713
160,0.1328125,0.0008552955729229
160,0.1484375,0.0008867438439572
160,0.1640625,0.000918531310751
160,0.1796875,0.0009294684862937
160,0.1953125,0.0009613526861996
160,0.2109375,0.0009626776015638
160,0.2265625,0.000983190072358
160,0.2421875,0.0009994716511934
160,0.2578125,0.0010155079749159
160,0.2734375,0.0010443477518962
160,0.2890625,0.001055763207384
160,0.3046875,0.0011315884464289
160,0.3203125,0.001112325551506
160,0.3359375,0.0011823624481325
160,0.3515625,0.0010853886162343
160,0.3671875,0.0011806949216575
160,0.3828125,0.001195817416513
160,0.3984375,0.0013029839333262
160,0.4140625,0.0012494653292717
160,0.4296875,0.0011675971746603
160,0.4453125,0.0012947007380966
160,0.4609375,0.0012203427726333
160,0.4765625,0.0013990327829714
160,0.4921875,0.0012537668390026
160,0.5078125,0.0012295915777779
160,0.5234375,0.0015236162607203
160,0.5390625,0.001387842656846
160,0.5546875,0.0016768227367315
160,0.5703125,0.0016374545364122
160,0.5859375,0.0015658649757779
160,0.6015625,0.0016480910016671
160,0.6171875,0.0014857237479501
160,0.6328125,0.0018172898037949
160,0.6484375,0.0017215883108896
160,0.6640625,0.0019786702128752
160,0.6796875,0.0017011088709677
160,0.6953125,0.0020501232418879
160,0.7109375,0.002508578345447
160,0.7265625,0.0018340530740322
160,0.7421875,0.0020946415328488
160,0.7578125,0.0023081147246656
160,0.7734375,0.0026765526393158
160,0.7890625,0.0023193655159619
160,0.8046875,0.0034226862628415
160,0.8203125,0.0030833202506416
160,0.8359375,0.0026908170819315
160,0.8515625,0.003368406904125
160,0.8671875,0.0038353525964204
160,0.8828125,0.0024047204647984
160,0.8984375,0.002984225021815
160,0.9140625,0.0036575163560006
160,0.9296875,0.0028195231988406
160,0.9453125,0.0025987869280187
160,0.9609375,0.0033171588830054
160,0.9765625,0.003017681860641
160,0.9921875,0.0039277535443459
320,0.0078125,0.0121414773282716
320,0.0234375,0.0058581481626884
320,0.0390625,0.0019939960528439
320,0.0546875,0.0010129719833915
320,0.0703125,0.0005121901597911
320,0.0859375,0.0007113941548183
320,0.1015625,0.000766481691377
320,0.1171875,0.0007990875301169
320,0.1328125,0.0008256592874346
320,0.1484375,0.0008636302822161
320,0.1640625,0.0008744477361915
320,0.1796875,0.000896683705692
320,0.1953125,0.0009167762146867
320,0.2109375,0.0009350866449529
320,0.2265625,0.0009818336235371
320,0.2421875,0.0009734090860808
320,0.2578125,0.000996164341842
320,0.2734375,0.0010105203534696
320,0.2890625,0.0009974845817668
320,0.3046875,0.0010134285926404
320,0.3203125,0.001107667141896
320,0.3359375,0.0010908140129178
320,0.3515625,0.0011364432146858
320,0.3671875,0.0011214118116863
320,0.3828125,0.0011619411792244
320,0.3984375,0.0011145189767915
320,0.4140625,0.0011277460024424
320,0.4296875,0.0012450003823362
320,0.4453125,0.0012374349745462
320,0.4609375,0.0012688081297993
320,0.4765625,0.0013603978909017
320,0.4921875,0.0013916134989712
320,0.5078125,0.0012685414348835
320,0.5234375,0.0014376773786549
320,0.5390625,0.001436955162615
320,0.5546875,0.0014573420340005
320,0.5703125,0.0014838164080162
320,0.5859375,0.0016489526222948
320,0.6015625,0.0016134962163087
320,0.6171875,0.0016017237077846
320,0.6328125,0.001771047177888
320,0.6484375,0.0018347816355604
320,0.6640625,0.0017818829084306
320,0.6796875,0.0022448086731562
320,0.6953125,0.0018435683562118
320,0.7109375,0.0023816849620841
320,0.7265625,0.0023655979587801
320,0.7421875,0.0018838907983947
320,0.7578125,0.0025885330459694
320,0.7734375,0.0019728077377376
320,0.7890625,0.0024008019034064
320,0.8046875,0.0021856308630678
320,0.8203125,0.0025239625806256
320,0.8359375,0.0021772913181005
320,0.8515625,0.0016673513468095
320,0.8671875,0.0034388567059641
320,0.8828125,0.0023974934329845
320,0.8984375,0.0026556512033868
320,0.9140625,0.0026854553279873
320,0.9296875,0.0038809131354537
320,0.9453125,0.0023349561446404
320,0.9609375,0.0038975237382639
320,0.9765625,0.0030656622711723
320,0.9921875,0.0033472954285671
